Select,+,Result #,X,1,2,3,4,5,Document ID,Date Published,Family ID,Pages,Title,CPCI,CPCA,Inventor,Assignee,Application Number,Filing Date,Primary Examiner,Assistant Examiner,OR,XREF,Applicant Name,Notes,Notes/Tagged,Relevancy,C,Patent Number,Kind Code,Source,norm_number
checked,,1095,,,,,,,US 8581743 B2,2013-11-12,48609579,107,Method and system for automated power meter infrastructure,G01D4/002;G08C19/00,Y04S20/30;G01D2204/45;Y02B90/20,Chan; Tat-Keung et al.,Jetlun Corporation,13/767098,2013-02-14,Wong; Albert,,340/870.03,713/194;361/660;340/870.41;324/114,Jetlun Corporation,,,14.158631,,8581743,B2,USPAT,8581743
checked,,1098,,,,,,,US 8457808 B2,2013-06-04,40523972,24,Automated infrastructure delivery system,B60L5/38;B60M7/00,B60L2200/26;Y02T90/16,Michnik; Alisa et al.,,12/218687,2008-07-16,Tarcza; Thomas,Pipala; Edward,701/1,701/23;701/24;340/870.07;404/3;340/910;340/988;404/84.05;404/1;701/117,"Michnik; Alisa,Michnik; Yefim",,,18.410946,,8457808,B2,USPAT,8457808
checked,,1130,,,,,,,US 8285800 B2,2012-10-09,45353556,22,Service model creation using monitored data of the performance management tool,G06F11/3409;G06F11/3006;G06Q40/02;G06F11/3419;G06F11/3495;G06F11/3051,G06F2201/87,Oostlander; Bart et al.,Compuware Corporation,12/823516,2010-06-25,Jean Gilles; Jude,,709/206,709/218;715/234;715/760;709/223;709/230;709/202;370/255;715/205;714/16;714/13,,,,10.90905,,8285800,B2,USPAT,8285800
checked,,1133,,,,,,,US 8505461 B2,2013-08-13,44352662,29,Line inspection robot and system,H02G1/02,,Phillips; Andrew John et al.,"Electric Power Research Institute, Inc.",13/024535,2011-02-10,Morano; S. Joseph,Kuhfuss; Zachary,104/87,104/112,"Phillips; Andrew John,Major; Mark,Bartlett; Glynn R.",,,22.700653,,8505461,B2,USPAT,8505461
checked,,1138,,,,,,,US 8327769 B2,2012-12-11,41722092,25,Large rideable bipedal walking robot for use as an amusement park ride and amusement park system using the same,A63G31/02;A63G7/00,,Kim; In-Sang,,13/032773,2011-02-23,Smith; Jason C,,104/53,472/27,,,,22.614851,,8327769,B2,USPAT,8327769
checked,,1143,,,,,,,US 8527955 B2,2013-09-03,43731728,65,System and method to classify automated code inspection services defect output for defect analysis,G06F11/3604;G06F11/3668;G06F9/44589,,Baker; Ian E. et al.,International Business Machines Corporation,12/558274,2009-09-11,Das; Chameli,,717/126,717/131;717/124;717/127;717/128;714/38.1,"Baker; Ian E.,Bassin; Kathryn A.,Kagan; Steven,Skrabanek; Susan E.",,,15.09244,,8527955,B2,USPAT,8527955
checked,,1156,,,,,,,US 8138940 B2,2012-03-20,43029970,16,Municipal operations monitoring and alert system,G06Q50/26;G08B25/006;G06Q10/06,H04H20/59,Horton; Cathy et al.,,12/434392,2009-05-01,Pope; Daryl,,340/815.4,340/506;340/539.1;340/3.1;340/539.11,,,,13.925424,,8138940,B2,USPAT,8138940
checked,,1158,,,,,,,US 8315789 B2,2012-11-20,39765268,8,Method for planning and executing obstacle-free paths for rotating excavation machinery,E02F9/2045;G05D1/0274;E02F9/2033;E02F9/262;E02F9/265,G05D1/0278;G05D1/0257;G05D1/0246;G05D1/024,Dunbabin; Matthew et al.,Commonwealth Scientific and Industrial Research Organisation,12/532329,2008-01-16,Nguyen; Cuong H,,701/301,340/436;701/532;701/468;340/903;701/469,,,,25.543335,,8315789,B2,USPAT,8315789
checked,,1164,,,,,,,US 8494798 B2,2013-07-23,41726544,36,"Automated model building and batch model building for a manufacturing process, process monitoring, and fault detection",G05B19/41885,G05B2219/32075;G05B2219/32076;G05B2219/45031,Kettaneh; Nouna et al.,"MKS Instruments, Inc.",12/202848,2008-09-02,Bhat; Aditya,,702/83,,"Kettaneh; Nouna,Wold; Svante Bjarne",,,10.127897,,8494798,B2,USPAT,8494798
checked,,1171,,,,,,,US 7614303 B2,2009-11-10,39792019,11,Device for measuring bulk stress via insonification and method of use therefor,G01N29/4409;G01N29/223;G01N29/07;G01H5/00,G01N2291/048,McInerney; Michael K. et al.,The United States of America as represented by the Secretary of the Army,11/727600,2007-03-27,Surin; J M Saint,,73/597,73/761;73/598;73/602,,,,9.374182,,7614303,B2,USPAT,7614303
checked,,1174,,,,,,,US 8429108 B2,2013-04-23,38694503,23,Fast computation of compact poset isomorphism certificates using position weights,G06F17/10,,Eusterbrock; Jutta,"Geistiges Eigentum, Inc.",12/300288,2007-05-11,Vincent; David,,706/45,,Eusterbrock; Jutta,,,8.975947,,8429108,B2,USPAT,8429108
checked,,1175,,,,,,,US 7549077 B2,2009-06-16,37188339,14,"Automated self-forming, self-healing configuration permitting substitution of software agents to effect a live repair of a system implemented on hardware processors",H04Q3/0079,,White; Barry C. et al.,The United States of America as represented by the Secretary of the Army,11/116171,2005-04-22,Lohn; Joshua A,,714/4.12,714/10,,,,11.991936,,7549077,B2,USPAT,7549077
checked,,1177,,,,,,,US 7926438 B2,2011-04-19,40586839,7,Subsea operations support system,B63G8/001;B63C11/52,,Guerrero; Julio C. et al.,Schlumberger Technology Corporation,11/935212,2007-11-05,Avila; Stephen,,114/312,114/322,,,,15.723584,,7926438,B2,USPAT,7926438
checked,,1179,,,,,,,US 8195343 B2,2012-06-05,40453894,25,"4D GIS virtual reality for controlling, monitoring and prediction of manned/unmanned system",G01S19/49,,Lin; Ching-Fang,,12/154033,2008-05-19,Zanelli; Michael J.,,701/2,701/522;701/526;340/539.13;701/482;701/472,,,,13.742748,,8195343,B2,USPAT,8195343
checked,,1181,,,,,,,US 7904209 B2,2011-03-08,39970272,49,Open web services-based indoor climate control system,F24F11/58;F24F11/77;G05B15/02;F24F11/64;F24F11/523,G05B2219/2642;F24F11/30;F24F2120/00;F24F2120/10,Podgorny; Marek et al.,Syracuse University,12/041472,2008-03-03,Kasenge; Charles R,,700/276,700/278;700/299;700/277,,,,9.718023,,7904209,B2,USPAT,7904209
checked,,1183,,,,,,,US 8121729 B2,2012-02-21,38181210,10,Remote diagnostic system for robots,B25J9/1674,G05B2219/33284;G05B2219/39412,Blanc; Dominique et al.,ABB Research Ltd.,12/068922,2008-02-13,Black; Thomas,Louie; Wae,700/248,700/245;700/108;702/185;380/277;702/184,,,,24.289513,,8121729,B2,USPAT,8121729
checked,,1187,,,,,,,US 8276115 B2,2012-09-25,39717213,24,Automated construction and deployment of complex event processing applications and business activity monitoring dashboards,G06Q10/00,,Bates; John et al.,Progress Software Corporation,12/025586,2008-02-04,Das; Chameli,,717/106,717/109;715/779;717/113;717/105,,,,12.17247,,8276115,B2,USPAT,8276115
checked,,1191,,,,,,,US 8127390 B2,2012-03-06,39571785,15,Robot for cleaning wall/window,A47L1/02;B62D57/024,A47L2201/04;A47L2201/00,Kim; Yong Wook,,12/025166,2008-02-04,Carter; Monica,Newton; Stephanie,15/50.1,901/1;901/46;901/40;15/103;700/245;901/30,,,,16.350422,,8127390,B2,USPAT,8127390
checked,,1193,,,,,,,US 7912191 B2,2011-03-22,39468301,22,Method and system for monitoring traffic revenue flows for communications companies,G06Q10/10;H04M15/52;H04M15/73;G06Q30/04;H04M15/44;H04M15/81;H04M15/51;H04M15/70;H04M15/58;H04M15/41;H04M15/43;H04M15/735;H04M15/00,H04M2215/0164;H04M2215/0112;H04M2215/7081;H04M2215/0188;H04M2215/70;H04M2215/0104;H04M2215/7072;H04M2215/54,Bencheqroun; Mehdi et al.,Araxxe,11/606035,2006-11-30,Ramakrishnaiah; Melur,,379/114.04,455/406;379/114.03;455/408,,,,16.13865,,7912191,B2,USPAT,7912191
checked,,1196,,,,,,,US 7627966 B2,2009-12-08,38461420,12,Off-fall control for a trenching operation,E02F9/264;E02F5/02,,Koch; Roger D. et al.,Caterpillar Inc.,11/495554,2006-07-31,Pezzuto; Robert E,,37/348,37/195,,,,20.778667,,7627966,B2,USPAT,7627966
checked,,1201,,,,,,,US 8077026 B2,2011-12-13,38229692,19,Technician communications for automated building protection systems,G08B25/009;G08B29/22;G08B25/14,,Jobe; Michael L. et al.,"Siemens Industry, Inc.",11/425901,2006-06-22,Lau; Hoi,,340/506,340/525;340/539.2;340/539.18;340/539.1;340/514,,,,13.870947,,8077026,B2,USPAT,8077026
checked,,1204,,,,,,,US 7474980 B2,2009-01-06,38286637,19,Automated tool for monitoring archaeological sites (ATMAS.TM.),G06Q10/06;G06Q10/04;G06Q10/087,,Hargrave; Michael L. et al.,The United States of America as represented by the Secretary of the Army,11/340819,2006-01-24,Le; John H,,702/127,702/188;702/182;702/184;705/28,,,,19.54364,,7474980,B2,USPAT,7474980
checked,,1206,,,,,,,US 7312703 B2,2007-12-25,37986350,15,Initialization of a sensor for monitoring the structural integrity of a building,H04L67/125;G08B29/22;G08B25/10;G08B25/009;G08B21/20;G08B25/003,,Hoogenboom; Christopher L.,,11/254953,2005-10-20,Lieu; Julie Bichngoc,,340/540,717/166;340/286.02;340/635;717/100;717/167;702/104,,,,18.846794,,7312703,B2,USPAT,7312703
checked,,1210,,,,,,,US 7485871 B2,2009-02-03,37185895,10,High radiation environment tunnel monitoring system and method,G01T1/185;G01T7/00,,Gates; Tell A. et al.,"Celestech, Inc.",11/385648,2006-03-22,Porta; David P,Baker; David S,250/394,376/274;340/600,,,,25.209461,,7485871,B2,USPAT,7485871
checked,,1212,,,,,,,US 8309934 B2,2012-11-13,37185895,10,High radiation environment tunnel monitoring system and method,G01T1/185;G01T7/00,,Gates; Tell A. et al.,"Celestech, Inc.",12/320619,2009-01-30,Kim; Kiho,,250/394,,,,,25.209461,,8309934,B2,USPAT,8309934
checked,,1214,,,,,,,US 7873428 B2,2011-01-18,37109585,8,Automated job management,G06Q10/10,,Ellis; Ray et al.,"PEER Intellectual Property, Inc.",11/107508,2005-04-15,DeCady; Albert,Chang; Sunray R,700/96,700/95;700/121;709/223;709/203;709/227,,,,12.429795,,7873428,B2,USPAT,7873428
checked,,1216,,,,,,,US 7243050 B2,2007-07-10,37036268,13,"Devices and systems for remote and automated monitoring and control of water removal, mold remediation, and similar work",G08B21/20;G05D22/02,F24F11/52;E04B1/7007;F24F11/56,Armstrong; Jay T.,,11/073172,2005-03-05,Bui; Bryan,,702/188,702/182,,,,15.58131,,7243050,B2,USPAT,7243050
checked,,1218,,,,,,,US 7253741 B2,2007-08-07,37009736,9,Automated system to monitor multiple sources of water leaks in residential and commercial buildings,G08B25/14;G08B21/20;G08B5/18,Y10T137/5762,Fiorletta; Carl A. et al.,,11/078875,2005-03-14,Swarthout; Brent A.,,340/605,137/312;122/504,,,,10.438833,,7253741,B2,USPAT,7253741
checked,2,1220,,,,,,,US 7080141 B1,2006-07-18,36659240,15,Arrangement for automated fault detection and fault resolution of a network device,G06F11/0709;H04L41/064,G06F11/079,Baekelmans; John et al.,"Cisco Technology, Inc.",10/120401,2002-04-12,Dharia; Rupal,Serrao; Ranodhi,709/224,709/220;709/202,,,,9.913985,,7080141,B1,USPAT,7080141
checked,,1222,,,,,,,US 7509415 B2,2009-03-24,36659240,15,Arrangement for automated fault detection and fault resolution of a network device,G06F11/0709;H04L41/064,G06F11/079,Baekelmans; John et al.,"Cisco Technology, Inc.",11/441060,2006-05-26,Follansbee; John,Serrao; Ranodhi N,709/224,709/223,,,,12.672344,,7509415,B2,USPAT,7509415
checked,,1224,,,,,,,US 7403838 B2,2008-07-22,36612831,16,Messaging system based building control,G05B15/02;G05B19/042,G05B2219/25168,Deen; Damon M. et al.,General Instrument Corporation,11/302777,2005-12-14,Patel; Ramesh,,700/276,715/758;709/229;709/227;700/277;700/19;709/217;709/228;379/102.05;379/102.01;700/66;700/65,,,,11.492901,,7403838,B2,USPAT,7403838
checked,,1225,,,,,,,US 7066707 B1,2006-06-27,26776942,50,Wafer engine,H10P72/3402;H10P72/3408;H10P72/3411;H10P72/7602,Y10S414/137,Bonora; Anthony C. et al.,"Asyst Technologies, Inc.",10/087400,2002-03-01,Brahan; Thomas J.,,414/744.3,901/17;414/937;414/749.4,,,,11.368018,,7066707,B1,USPAT,7066707
checked,,1227,,,,,,,US 7657545 B2,2010-02-02,31500196,22,Automated application discovery and analysis system and method,G06F16/289;G06Q10/063;G06Q10/06375;G06Q10/0635;G06F16/287,,Bird; Stephen Anthony,Intotality Pty Ltd,11/224494,2005-09-12,Wong; Don,Hwa; Shyue Jiunn,705/7.37,707/827;715/771;707/999.1;715/205,,,,13.758997,,7657545,B2,USPAT,7657545
checked,,1229,,,,,,,US 8051106 B2,2011-11-01,31500196,23,Automated application discovery and analysis system and method,G06F16/289;G06Q10/0635;G06Q10/063;G06F16/287;G06Q10/06375,,Bird; Stephen Anthony,Intotality Phils Inc.,12/638654,2009-12-15,Hwa; Shyue Jiunn,,707/802,707/E17.009,,,,13.832118,,8051106,B2,USPAT,8051106
checked,,1236,,,,,,,US 7031262 B2,2006-04-18,35375081,13,Reoptimization triggering by path computation elements,H04L45/125;H04L47/762;H04L45/12;H04L47/125;H04L45/70;H04L47/822;H04L47/825;H04L45/50;H04L45/04;H04L45/42;H04L45/44,,Vasseur; Jean Philippe et al.,"Cisco Technology, Inc.",10/848744,2004-05-19,Pham; Brenda,,370/248,370/238,,,,11.823891,,7031262,B2,USPAT,7031262
checked,,1238,,,,,,,US 7631296 B2,2009-12-08,35188528,39,Rules framework for definition and execution of end-user rules logic,G06N5/046,,Seshadri; Praveen et al.,Microsoft Corporation,10/903765,2004-07-30,Yigdall; Michael J,,717/117,719/320;715/744;719/328,,,,9.21411,,7631296,B2,USPAT,7631296
checked,,1242,,,,,,,US 6836285 B1,2004-12-28,33516871,37,"Lidar with streak-tube imaging,including hazard detection in marine applications; related optics",G01S7/487;G01S7/4811;G01S7/4802;G01S17/89;G01S7/4814;G01S17/93;G01S7/497,,Lubard; Stephen C. et al.,Arete Associates,09/390487,1999-09-03,Philippe; Gims,,348/31,356/4.01;348/81,,,,16.443901,,6836285,B1,USPAT,6836285
checked,,1244,,,,,,,US 6972693 B2,2005-12-06,33457216,12,Vehicle security inspection system,G01V5/20,,Brown; Betty J. et al.,,10/831109,2004-04-26,Wu; Daniel,Walk; Samuel J.,340/907,340/928;250/358.1;702/188;378/57,,,,15.415367,,6972693,B2,USPAT,6972693
checked,,1246,,,,,,,US 7119674 B2,2006-10-10,33490513,19,"Automated site security, monitoring and access control system",G07B15/04;G08G1/04;G08G1/017,,Sefton; Alan K.,"Pips Technology, Inc.",10/852003,2004-05-21,Pope; Daryl C,,340/521,340/937;340/932.2,,,,11.050757,,7119674,B2,USPAT,7119674
checked,,1250,,,,,,,US 7030757 B2,2006-04-18,32500741,25,Security system and moving robot,G05D1/0274;G08B13/19645;G08B13/19647;G08B13/19684;G08B13/19697;G08B29/188,,Matsuhira; Nobuto et al.,Kabushiki Kaisha Toshiba,10/724239,2003-12-01,La; Anh V.,,340/541,340/521;340/522,,,,15.796618,,7030757,B2,USPAT,7030757
checked,,1251,,,,,,,US 7750803 B2,2010-07-06,32500741,26,Security system and moving robot,G05D1/0274;G08B13/19645;G08B13/19647;G08B13/19684;G08B13/19697;G08B29/188,,Matsuhira; Nobuto et al.,Kabushiki Kaisha Toshiba,11/262887,2005-11-01,Wu; Daniel,Lu; Shirley,340/541,340/521,,,,15.796618,,7750803,B2,USPAT,7750803
checked,,1255,,,,,,,US 7451489 B2,2008-11-11,32229193,13,Active network defense system and method,H04L63/1416;H04L63/0227;H04L63/0442;H04L43/00;H04L63/0263;H04L63/0254;H04L63/1425,H04L63/1441;H04L43/028;H04L43/16;H04L43/0888,Cantrell; Craig et al.,"TippingPoint Technologies, Inc.",10/930392,2004-08-31,Kincaid; Kristine,Baum; Ronald,726/25,709/224;726/13;709/225;726/26;726/4,,,,9.978479,,7451489,B2,USPAT,7451489
checked,,1256,,,,,,,US 7454792 B2,2008-11-18,32229193,12,Active network defense system and method,H04L63/1425;H04L63/0263;H04L63/0227;H04L63/0442;H04L63/0254;H04L63/1416;H04L43/00,H04L43/0888;H04L43/028;H04L63/1441;H04L43/16,Cantrell; Craig et al.,"TippingPoint Technologies, Inc.",10/930922,2004-08-31,Kincaid; Kristine,Baum; Ronald,726/25,709/225;709/224;726/4;726/13;726/26,,,,9.978479,,7454792,B2,USPAT,7454792
checked,,1257,,,,,,,US 7454499 B2,2008-11-18,32229193,13,Active network defense system and method,H04L63/0263;H04L63/0227;H04L63/0442;H04L63/1416;H04L63/1425;H04L63/0254;H04L43/00,H04L63/1441;H04L43/028;H04L43/16;H04L43/0888,Cantrell; Craig et al.,"Tippingpoint Technologies, Inc.",10/291095,2002-11-07,Barot; Bharat N,,709/225,709/224;709/231;370/394,,,,9.978479,,7454499,B2,USPAT,7454499
checked,,1262,,,,,,,US 6598730 B1,2003-07-29,8242819,10,Parts feed device,H05K13/028,,Gertsch; Christoph et al.,Mikron SA Boudry,09/959773,2001-12-10,Ellis; Christopher P.,Crawford; Gene O,198/580,198/750.1;198/394,,,,10.15354,,6598730,B1,USPAT,6598730
checked,,1265,,,,,,,US 7419346 B2,2008-09-02,23183213,24,Integrated system for tool front-end workpiece handling,H10P72/3222;H10P72/3402;H10P72/3406;H10P72/3408;H10P72/7602,Y10S414/139,Danna; Mark et al.,"Asyst Technologies, Inc.",10/194702,2002-07-12,Fox; Charles A,,414/222.11,414/217;414/939,,,,11.254645,,7419346,B2,USPAT,7419346
checked,,1267,,,,,,,US 6507163 B1,2003-01-14,22615445,8,Robotic bridge maintenance system,B25J9/1689;B25J9/162;E01D19/106,G05B2219/40194;G05B2219/40298;G05B2219/40307;G05B2219/45071;G05B2219/45084,Allen; Mark A.,,08/169383,1993-12-20,Sircus; Brian,,318/560,901/34;901/47;15/346;318/565;318/649;15/321;14/78;318/628;15/300.1;318/568.12;901/43;318/568.25;15/340.1,,,,20.40225,,6507163,B1,USPAT,6507163
checked,,1268,,,,,,,US 6491256 B1,2002-12-10,23589123,7,Transportation of unqualified spacecraft or component to space,B64G1/002,,Wingo; Dennis Ray,,09/401760,1999-09-23,Barefoot; Galen L.,,244/159.4,244/118.1,,,,9.626083,,6491256,B1,USPAT,6491256
checked,,1270,,,,,,,US 6659704 B2,2003-12-09,18980845,13,Loading bridge for air cargo loading,B64F1/3055,,Fukuhara; Yugo et al.,"Mitsubishi Heavy Industries, Ltd.",10/132728,2002-04-26,Bratlie; Steven A.,,414/398,414/502;14/71.5;198/457.07;414/503;244/137.1;414/393,,,,18.144741,,6659704,B2,USPAT,6659704
checked,,1272,,,,,,,US 6840839 B2,2005-01-11,26735590,50,Interactive battling robots with universal vehicle chassis,A63H17/045;A63H30/04,,Rehkemper; Jeffrey G. et al.,"Hasbro, Inc.",10/056676,2002-01-25,Banks; Derris H.,Williams; Jamila O,446/454,446/484,,,,12.8518715,,6840839,B2,USPAT,6840839
checked,,1274,,,,,,,US 6742474 B2,2004-06-01,19773169,8,Construction for automatically milking animals,A01J5/0175;A01J5/007,,van den Berg; Karel et al.,Lely Enterprises A.G. A Swiss Limited Liability Co.,10/109695,2002-04-01,Jordan; Charles T.,Zerr; John W.,119/14.08,,,,,10.050665,,6742474,B2,USPAT,6742474
checked,,1276,,,,,,,US 6575771 B2,2003-06-10,7953980,9,Electrical apparatus including a bus conductor section,H01R9/2658;H05K7/1478,H01R9/2675,Schnatwinkel; Michael et al.,Weidmuller Interface GmbH & Co.,10/084887,2002-03-01,Bradley; P. Austin,Gushi; Ross,439/76.1,439/716,,,,9.543839,,6575771,B2,USPAT,6575771
checked,,1278,,,,,,,US 7002462 B2,2006-02-21,26761814,13,System and method for remote monitoring and maintenance management of vertical transportation equipment,B66B27/00,G05B2223/06,Welch; Patrick J.,Gannett Fleming,10/079281,2002-02-20,Pope; Daryl C.,,340/506,340/3.1;340/286.02;340/679,,,,13.891006,,7002462,B2,USPAT,7002462
checked,2,1279,,,,,,,US 6377181 B1,2002-04-23,25109092,10,Method and apparatus for moisture detection in exterior sheathing of residential and commercial buildings,F24F11/30;E04B1/70;G01M3/16;G08B21/20,Y10T137/5762;F24F2110/20,Kroll; Richard E. et al.,"Dryvit Systems, Inc.",09/777038,2001-02-05,Lefkowitz; Edward,,340/604,340/603;340/602,,,,14.5524845,,6377181,B1,USPAT,6377181
checked,,1281,,,,,,,US 7126486 B2,2006-10-24,25109092,13,Method and apparatus for moisture detection in exterior sheathing of residential and commercial buildings,G08B21/20;G01M3/16;F24F11/30;E04B1/70,F24F2110/20;Y10T137/5762,Kroll; Richard E. et al.,"Dryvit Systems, Inc.",10/060183,2002-01-30,Goins; Davetta W.,,340/604,73/29.01;340/605;340/618;340/620;137/312;73/73;340/602;340/539.1,,,,14.5524845,,7126486,B2,USPAT,7126486
checked,4,1282,,,,,,,US 6340977 B1,2002-01-22,23187226,48,System and method for dynamic assistance in software applications using behavior and host application models,G06F9/453,,Lui; Philip et al.,,09/306869,1999-05-07,dela Torre; Crescelle N.,,715/709,715/706,,,,7.197647,,6340977,B1,USPAT,6340977
checked,,1284,,,,,,,US 7047498 B2,2006-05-16,23187226,46,System and method for dynamic assistance in software applications using behavior and host application models,G06F9/453,,Lui; Philip et al.,Knoa Corporation,09/989716,2001-11-20,Kincaid; Kristine,Pesin; Boris,715/762,715/763;715/709,,,,7.197647,,7047498,B2,USPAT,7047498
checked,,1286,,,,,,,US 7861178 B2,2010-12-28,23187226,46,System and method for dynamic assistance in software applications using behavior and host application models,G06F9/453,,Lui; Philip et al.,"KNOA Software, Inc.",11/387456,2006-03-22,Ke; Simon,,715/762,715/708;715/745;715/764;715/709,,,,7.197647,,7861178,B2,USPAT,7861178
checked,1,1287,,,,,,,US 6330587 B1,2001-12-11,22808395,11,Real-time multiprocessing computer infrastructure for automated testing,G01M15/00,,Tedone; Damian J. et al.,"Ford Global Technologies, Inc.",09/216759,1998-12-21,Sheikh; Ayaz,Pinh; Khanh Quang,709/201,709/222,,,,10.787386,,6330587,B1,USPAT,6330587
checked,,1290,,,,,,,US 6431078 B1,2002-08-13,3460785,41,Autonomous transport system,B61B13/00;B66B9/00;B66B11/0476,Y02T30/00,Serrano; Jorge,,09/729631,2000-12-05,Morano; S. Joseph,Olson; Lars A.,104/91,104/106;187/245;104/93;105/156,,,,17.205444,,6431078,B1,USPAT,6431078
checked,,1292,,,,,,,US 6511247 B2,2003-01-28,7937228,5,Robot with a retaining strip which can be placed on a gearbox for fixing control cams,B25J9/101,Y10T403/16,Karlinger; Stefan,Kuka Roboter GmbH,09/780776,2001-02-09,Browne; Lynne H.,Thompson; Kenneth,403/11,403/24;901/50;403/21,,,,14.854315,,6511247,B2,USPAT,6511247
checked,,1293,,,,,,,US 5999757 A,1999-12-07,14928170,26,Sheet transportation device,G03G15/55;B65H43/00,B65H2301/533;B65H2513/51;B65H2511/52;B65H2511/52;B65H2220/01;B65H2513/51;B65H2220/02,Shimomura; Yoshiki et al.,"Mita Industrial Co., Ltd.",08/856806,1997-05-15,Grimley; Arthur T.,Tran; Hoan,399/9,399/18;399/16,,,,9.441874,,5999757,A,USPAT,5999757
checked,,1294,,,,,,,US 5990800 A,1999-11-23,17647683,14,Remote engine starting and stopping device for construction machine,F02N11/0807;F02N11/101,F02N11/103,Tamaki; Hideo et al.,Komatsu Ltd.,08/836559,1997-06-20,Lefkowitz; Edward,Woods; Davetta,340/679,307/10.6;700/306;701/34.2;123/179.2;180/272,,,,16.28918,,5990800,A,USPAT,5990800
checked,,1295,,,,,,,US 5987990 A,1999-11-23,26723757,9,System of autonomous sensors for pipeline inspection,G01N29/38;G01N29/14,G01N2291/0258;G01N2291/2636,Worthington; Henry W. et al.,"Pipeline Technologies, Inc.",08/963869,1997-11-04,Williams; Hezron,Miller; Rose M.,73/592,73/594;73/40.5A;73/579,,,,11.750185,,5987990,A,USPAT,5987990
checked,,1296,,,,,,,US 5950543 A,1999-09-14,25488453,40,Evacuated tube transport,B61B13/10,Y02T30/00,Oster; Daryl,et3.com Inc.,08/948978,1997-10-10,Le; Mark T.,,104/138.1,104/130.05;104/28;104/27,,,,12.336532,,5950543,A,USPAT,5950543
checked,,1297,,,,,,,US 5938561 A,1999-08-17,7778440,4,Control system dependent on an error in the engine control system,B60W30/18;F16D48/066;B60K23/02;B60W10/04;B60W10/02;F16H61/143;F16D48/06;B60W10/06;B60W30/1819,F16D2500/1062;Y10S477/906;F16D2500/3026;F16D2500/3067;F16D2500/5104;F16D2500/3065;F16D2500/3063;F16H59/14;B60W2050/021;F16D2500/5108;F16D2500/1025,Schubert; Peter,Robert Bosch GmbH,08/875383,1997-07-25,Wright; Dirk,Kwon; Peter T.,477/79,477/174;477/181;477/906,,,,10.597473,,5938561,A,USPAT,5938561
checked,,1298,,,,,,,US 5903629 A,1999-05-11,23746278,18,Apparatus and method for automated audio teleconferencing having enhanced reconfiguration features,H04M3/562;H04M3/565;H04M3/56,H04M15/00;H04M3/487;H04M3/493;H04M3/527;H04M2203/5054,"Campbell, IV; James H. et al.","Protel, Inc.",08/729317,1996-10-15,Hunter; Daniel S.,,379/88.24,379/204.01;379/205.01;379/114.01;379/202.01,,,,11.013331,,5903629,A,USPAT,5903629
checked,,1299,,,,,,,US 5813599 A,1998-09-29,26677229,11,Automated controller for naturally ventilated livestock and poultry buildings,F24F11/0001;A01K1/0047;A01K1/0058;A01K1/007,,Hoff; Steven J.,"Iowa State University Research Foundation, Inc.",08/752333,1996-11-19,Joyce; Harold,,236/49.3,454/239,,,,24.857765,,5813599,A,USPAT,5813599
checked,,1300,,,,,,,US 5781108 A,1998-07-14,24224791,18,Automated detection and monitoring (ADAM),G08B15/002;H05B47/115,Y02B20/40,Jacob; Robert C. et al.,"Future Tech Systems, Inc.",08/557285,1995-11-14,Hofsass; Jeffery,Pope; Daryl C.,340/552,340/522;340/567;340/565;340/521;340/541;340/517,,,,13.877876,,5781108,A,USPAT,5781108
checked,,1301,,,,,,,US 5716243 A,1998-02-10,26306926,7,Automotive battery connector assembly,H01R11/287;B60R16/04,H01H85/00;H01R13/68;H01H2085/025;H01H79/00,Kourimsky; Fritz Josef Alois,The Whitaker Corporation,08/626869,1996-04-03,Abrams; Neil,Patel; T. C.,439/773,439/761,,,,10.975531,,5716243,A,USPAT,5716243
checked,,1302,,,,,,,US 5706735 A,1998-01-13,27413345,92,"System for automated transport of automobile platforms, passenger cabins and other loads",B61L23/005;B61B13/00;B61L3/225;E01B25/08;B61L23/002;B61L27/04,,Lund; VanMetre,Autran Corp.,08/746318,1996-11-12,Morano; S. Joseph,,104/88.04,246/63R;104/139;246/29R;246/28R;246/182R;701/20;104/299;104/130.07;238/122;238/17;104/298;104/300;701/23,,,,8.722134,,5706735,A,USPAT,5706735
checked,,1303,,,,,,,US 5656904 A,1997-08-12,24135028,28,Movement monitoring and control apparatus for body members,A61F2/70;A61F5/00;B25J17/0241;B25J3/04;B25J13/02,A61F2220/0025;A61F2002/704;A61F2002/5069;A61F2/586;A61F2002/30523;A61F2002/701,Lander; Ralph,,08/535621,1995-09-28,Ip; Paul,,318/568.12,414/680;901/21;318/568.18;414/730;901/23;318/568.1,,,,15.292664,,5656904,A,USPAT,5656904
checked,,1304,,,,,,,US 5559894 A,1996-09-24,22185084,23,Automated meter inspection and reading,G01D4/008;G01D5/39,Y02B90/20;Y04S20/30,Lubliner; David J. et al.,,08/084458,1993-06-28,Boudreau; Leo,Kelley; Christopher S.,382/100,324/110;382/203,,,,17.863415,,5559894,A,USPAT,5559894
checked,,1305,,,,,,,US 5519223 A,1996-05-21,22766142,45,Apparatus and method for automated collimator exchange,G01T1/1648,,Hug; Paul et al.,"ADAC Laboratories, Inc.",08/206386,1994-03-03,Hannaher; Constantine,,250/363.1,378/148,,,,11.109572,,5519223,A,USPAT,5519223
checked,,1306,,,,,,,US 5448604 A,1995-09-05,22950621,5,"Cask transport, storage, monitoring, and retrieval system",G21C17/00;G21C19/06,Y02E30/30,"Peterson, II; William D.",,08/251134,1994-05-31,Wasil; Daniel D.,,376/261,414/391;414/347;414/399;414/146;104/48;376/272,,,,18.203737,,5448604,A,USPAT,5448604
checked,,1307,,,,,,,US 5416906 A,1995-05-16,24791790,14,Communication method for controlling and monitoring robots,H04L9/40;G05D1/0022,,Mariani; Daniele,The United States of America as represented by the Secretary of the Army,08/215880,1994-03-22,Bowler; Alyssa H.,Kyle; Charles R.,700/248,340/3.1;701/24;701/2,,,,12.815692,,5416906,A,USPAT,5416906
checked,1,1308,,,,,,,US 5403996 A,1995-04-04,22746935,12,Connector receptacle construction for electric cigar lighters,B60N3/14;F23Q7/00,,Mattis; Donald J. et al.,Casco Products Corporation,08/201700,1994-02-25,Jeffery; John A.,,219/265,219/267,,,,13.122017,,5403996,A,USPAT,5403996
checked,,1309,,,,,,,US 5796073 A,1998-08-18,22746935,12,Connector receptable construction for electric cigar lighters,B60N3/14;F23Q7/00,,Mattis; Donald J. et al.,Casco Products Corporation,08/892764,1997-07-15,Jeffery; John A.,,219/265,219/267,,,,13.122017,,5796073,A,USPAT,5796073
checked,,1310,,,,,,,US 5381332 A,1995-01-10,25187598,69,Project management system with automated schedule and cost integration,G06Q10/06315;G06Q10/06,,Wood; Mark A.,"Motorola, Inc.",07/803850,1991-12-09,Weinhardt; Robert A.,,705/7.25,,,,,12.086712,,5381332,A,USPAT,5381332
checked,,1311,,,,,,,US 5305641 A,1994-04-26,17149872,16,Method for evaluation of acoustic anisotropy and measuring apparatus therefor,G01N29/07,G01N2291/0422;G01N2291/044;G01N2291/0234,Kuramochi; Mitsugu et al.,"Shimizu Construction Co., Ltd.",07/760336,1991-09-16,Williams; Hezron E.,Finley; Rose M.,73/598,73/645;73/627,,,,13.266947,,5305641,A,USPAT,5305641
checked,,1312,,,,,,,US 5237519 A,1993-08-17,24450637,11,Semi-automated inspection and documentation system,G06T7/0004,,Felton; David M.,Harris Corporation,07/611848,1990-11-13,Cosimano; Edward R.,,702/35,,,,,16.90209,,5237519,A,USPAT,5237519
checked,,1313,,,,,,,US 5233342 A,1993-08-03,15376452,8,Remote control system,H02J13/12;H02J13/1313;H02J13/333;H04L12/2818;H04Q9/00,H04L2012/285;H04Q2209/10;H04Q2209/30;H04Q2209/88;Y02B70/30;Y02B90/20;Y02E60/00;Y04S10/30;Y04S20/20;Y04S40/121,Yashiro; Kenji et al.,Pioneer Electronic Corporation,07/657803,1991-02-20,Yusko; Donald J.,Gray; R.,340/3.7,340/12.31;307/131;340/12.32;340/12.52;340/12.54;340/310.11,,,,10.166888,,5233342,A,USPAT,5233342
checked,,1314,,,,,,,US 5215100 A,1993-06-01,24782632,26,Nerve condition monitoring system and electrode supporting structure,A61B5/4041;A61B5/05,,Spitz; Lawrence K. et al.,"Occupational Preventive Diagnostic, Inc.",07/692930,1991-04-29,Hindenburg; Max,Tucker; Guy V.,600/554,,,,,13.087337,,5215100,A,USPAT,5215100
checked,,1315,,,,,,,US 5145637 A,1992-09-08,27062551,17,Incore housing examination system,G01N27/902;G01N29/265;G01N29/043;G01N29/223,G01N2291/267;G01N2291/0422;G01N2291/0421,Richardson; David L. et al.,General Electric Company,07/747404,1991-08-19,Hunt; Brooks H.,Carroll; Chrisman D.,376/249,376/252;376/245;73/623,,,,10.853092,,5145637,A,USPAT,5145637
checked,,1316,,,,,,,US 5009545 A,1991-04-23,26980275,16,Wire mesh straightening method and apparatus,B21F33/00,,Coleman; Darold D. et al.,"NTH, Inc.",07/555652,1990-07-20,Britts; Ramon S.,Spahn; Gay Ann,404/100,72/164,,,,10.125263,,5009545,A,USPAT,5009545
checked,,1317,,,,,,,US 4960249 A,1990-10-02,9366691,8,Controlled valve with possibility of autonomous opening and aircraft with a valve of this type,B64D13/04;F16K17/196;B64D13/02;F16K17/168,Y02T50/40,Signoret; Jacques et al.,Abg Semca,07/356212,1989-05-24,Barefoot; Galen,,244/118.5,454/74;244/129.5,,,,14.095005,,4960249,A,USPAT,4960249
checked,,1318,,,,,,,US 4954005 A,1990-09-04,27376006,12,Safety coupling device for robotic tooling,B25J19/063,Y10T403/32581;Y10T403/32041;Y10T403/32057,Knasel; Harold E. et al.,Process Equipment Company,07/385231,1989-07-25,Cuomo; Peter M.,,403/57,403/116;403/59;901/29;414/730;901/49,,,,11.096399,,4954005,A,USPAT,4954005
checked,,1319,,,,,,,US 4938654 A,1990-07-03,26846697,13,Automated wafer inspection system,G02B21/0016;H10P72/3411,,Schram; Richard R.,,07/149391,1988-01-28,Werner; Frank E.,,414/757,198/394;414/627;414/744.2;414/222.02,,,,18.860493,,4938654,A,USPAT,4938654
checked,,1320,,,,,,,US 4936529 A,1990-06-26,23121071,7,Device for detecting defective wheels on rail cars,B61K9/12;G01N22/00;G01B15/00,,Maine; Darren P. L.,"Railbase Technologies, Incorporated",07/291620,1988-12-29,Kashnikow; Andres,Newholm; Timothy,246/169R,73/146;324/642,,,,8.945034,,4936529,A,USPAT,4936529
checked,,1321,,,,,,,US 4894103 A,1990-01-16,22736128,13,Robot for tire building machine and method of operation,B29D30/3007,Y10S414/123;B29C2793/0081;B29L2030/003;B29D2030/4406;B29D2030/4418,Bailey; David W.,The Uniroyal Goodrich Tire Company,07/199080,1988-05-26,Hoch; Raymond,,156/111,901/37;156/396;414/910,,,,20.145826,,4894103,A,USPAT,4894103
checked,,1322,,,,,,,US 4870592 A,1989-09-26,22536984,45,Manufacturing system with centrally disposed dynamic buffer region,G05B19/4189,Y10T29/5124;G05B2219/50362;Y10T29/5135;G05B2219/50364;Y02P90/02;G05B2219/31272,Lampi; Wayne J. et al.,,07/151016,1988-02-01,MacDonald; Allen,,700/112,29/38.9;700/248;700/249;29/563,,,,12.670938,,4870592,A,USPAT,4870592
checked,,1323,,,,,,,US 4818169 A,1989-04-04,24957328,16,Automated wafer inspection system,G02B21/0016;H10P72/3411,Y10S188/01;Y10S414/137,"Schram, deceased; Richard R. et al.",,06/735822,1985-05-17,Werner; Frank E.,,414/331.18,92/88;414/627;414/744.3;118/729;198/394;414/282;414/217;359/393;359/392;414/937;188/DIG.1;414/416.03,,,,18.699306,,4818169,A,USPAT,4818169
checked,,1324,,,,,,,US 4814283 A,1989-03-21,22656613,8,Simple automated discretionary bonding of multiple parallel elements,H05K1/0293;H10P74/232;H10W20/491;H10W72/00,H05K1/0268;H05K2201/0305;H05K2203/173;H05K3/28;Y10T29/49156;Y10T29/49167,Temple; Victor A. K. et al.,General Electric Company,07/179441,1988-04-08,Hearn; Brian E.,Pawlikowski; Beverly A.,438/6,257/E23.147;257/E21.526;29/853;257/133;257/E23.141;228/180.1;228/38;29/847,,,,15.789116,,4814283,A,USPAT,4814283
checked,,1325,,,,,,,US 4645637 A,1987-02-24,6228104,15,Manipulator for the inspection of pressure vessels open at the top thereof,G21C17/01,Y02E30/30,Bauer; Rainer et al.,Kraftwerk Union Aktiengesellschaft,06/699086,1985-02-07,Cangialosi; Salvatore,,376/249,976/DIG.212,,,,25.031128,,4645637,A,USPAT,4645637
checked,,1326,,,,,,,US 4560968 A,1985-12-24,24666774,6,Magnetic actuator for a gas valve,H01F7/08,,Gagnon; Ronald W.,United Technologies Corporation,06/664630,1984-10-25,Harris; George,,335/281,251/129.01;336/192,,,,10.537071,,4560968,A,USPAT,4560968
checked,1,1327,,,,,,,US 4550376 A,1985-10-29,23850684,9,Inspection system for mechanical structures,B66B9/00;G01M99/00,,Maciejczak; Robert A.,,06/466147,1983-02-14,Wise; Edward J.,,703/1,702/35;702/81;702/34;700/175;348/82,,,,22.559635,,4550376,A,USPAT,4550376
checked,,1328,,,,,,,US 4789947 A,1988-12-06,23850684,7,Inspection system and method for mechanical structures,G01M99/00;B66B9/00,,Maciejczak; Robert A.,,06/791326,1985-10-25,Lall; Parshotam S.,Melnick; S. A.,703/1,702/35;702/34;348/82;702/81,,,,15.819939,,4789947,A,USPAT,4789947
checked,,1329,,,,,,,US 4497242 A,1985-02-05,23365123,7,Ventilation control system,F24F11/77;F24F11/0001;B08B15/023,Y02B30/70,Moyer; Robert C.,Barber-Colman Company,06/347752,1982-02-11,Joyce; Harold,,454/61,,,,,9.613959,,4497242,A,USPAT,4497242
checked,,1330,,,,,,,US 4497031 A,1985-01-29,23588563,38,Direct digital control apparatus for automated monitoring and control of building systems,F24F11/63;F24F11/88;F24F11/523;G05D23/1917;F24F11/46;F24F11/76,F24F11/54;F24F11/30;F24F2110/10;F24F2011/0002;F24F11/84,Froehling; Paul H. et al.,Johnson Service Company,06/401632,1982-07-26,Wise; Edward J.,,700/276,165/212;165/249,,,,9.885888,,4497031,A,USPAT,4497031
checked,,1331,,,,,,,US 4110620 A,1978-08-29,24222760,7,Fuel rod leak detector,G21C17/07,Y02E30/30,Womack; Robert E.,The Babcock & Wilcox Co.,05/556762,1975-03-10,Dixon; Harold A.,,250/361R,976/DIG.232;250/336.1;376/253;376/251,,,,6.534011,,4110620,A,USPAT,4110620
checked,,1332,,,,,,,US 3952699 A,1976-04-27,5871659,10,Method and apparatus for treating a workpiece at a treating station,B05D7/52;B05B5/08;B05B5/081;B05B5/082;B05B13/0452;B05B14/48;B05B16/20;B05B16/90;B05D1/06;B05D7/14,B05B13/041,Durr; Heinz et al.,,05/452552,1974-03-19,Stein; Mervin,Salser; Douglas,118/315,118/321;427/425;427/184;118/320;118/633;427/424;118/323;134/133,,,,3.0989351,,3952699,A,USPAT,3952699
checked,,1333,,,,,,,US 3790091 A,1974-02-05,22535517,12,SOLID WASTE SEPARATING METHOD AND CLASSIFICATION OF MATERIAL,C10L5/46;B07B9/02;B03B9/06,Y02E50/30;Y02E50/10,Law; Edward et al.,National Recycling Inc.,05/150671,1971-06-07,"Custer, Jr.; Granville Y.",,241/19,241/79;44/551;241/68;100/91;241/27;44/589;100/39;44/541;241/24.14,,,,4.410872,,3790091,A,USPAT,3790091
checked,,1334,,,,,,,US 3747085 A,1973-07-17,22721267,6,TOOL MONITORING APPARATUS,B23B49/001;B23Q17/0947,Y10T408/14,Bala; John L. et al.,Itek Corporation,05/195397,1971-11-03,Trafton; David L.,,340/680,324/207.17;408/6;324/173;324/239,,,,11.921797,,3747085,A,USPAT,3747085
